cod_provincia,provincia,anio,erogacion_tipo,erogaciones,total_pesos
06,Buenos Aires,2003,Total,Total,3719477041
06,Buenos Aires,2003,Corrientes,Personal,2916842549
06,Buenos Aires,2003,Corrientes,Bienes y servicios no personales,124439083
06,Buenos Aires,2003,Corrientes,Transferencias a la educación privada,552289263
06,Buenos Aires,2003,Corrientes,Otras transferencias,80926266
06,Buenos Aires,2003,De capital,De capital,44979880
06,Buenos Aires,2004,Total,Total,3692614764
06,Buenos Aires,2004,Corrientes,Personal,143081464
06,Buenos Aires,2004,Corrientes,Bienes y servicios no personales,792909601
06,Buenos Aires,2004,Corrientes,Transferencias a la educación privada,693589734
06,Buenos Aires,2004,Corrientes,Otras transferencias,99319867
06,Buenos Aires,2004,De capital,De capital,102226723
06,Buenos Aires,2005,Total,Total,5318737166
06,Buenos Aires,2005,Corrientes,Personal,163346940
06,Buenos Aires,2005,Corrientes,Bienes y servicios no personales,1098188304
06,Buenos Aires,2005,Corrientes,Transferencias a la educación privada,964993234
06,Buenos Aires,2005,Corrientes,Otras transferencias,133195070
06,Buenos Aires,2005,De capital,De capital,113908824
06,Buenos Aires,2006,Total,Total,6963711588
06,Buenos Aires,2006,Corrientes,Personal,209184407
06,Buenos Aires,2006,Corrientes,Bienes y servicios no personales,1316189845
06,Buenos Aires,2006,Corrientes,Transferencias a la educación privada,1223023838
06,Buenos Aires,2006,Corrientes,Otras transferencias,93166007
06,Buenos Aires,2006,De capital,De capital,130480750
06,Buenos Aires,2007,Total,Total,8969940713
06,Buenos Aires,2007,Corrientes,Personal,236310363
06,Buenos Aires,2007,Corrientes,Bienes y servicios no personales,1611916618
06,Buenos Aires,2007,Corrientes,Transferencias a la educación privada,1523720131
06,Buenos Aires,2007,Corrientes,Otras transferencias,88196487
06,Buenos Aires,2007,De capital,De capital,141354617
06,Buenos Aires,2008,Total,Total,12939574227
06,Buenos Aires,2008,Corrientes,Personal,257180939
06,Buenos Aires,2008,Corrientes,Bienes y servicios no personales,2270947619
06,Buenos Aires,2008,Corrientes,Transferencias a la educación privada,2144443717
06,Buenos Aires,2008,Corrientes,Otras transferencias,126503902
06,Buenos Aires,2008,De capital,De capital,188317595
06,Buenos Aires,2009,Total,Total,16051597716
06,Buenos Aires,2009,Corrientes,Personal,309022900
06,Buenos Aires,2009,Corrientes,Bienes y servicios no personales,2806064775
06,Buenos Aires,2009,Corrientes,Transferencias a la educación privada,2655057479
06,Buenos Aires,2009,Corrientes,Otras transferencias,151007297
06,Buenos Aires,2009,De capital,De capital,217427645
06,Buenos Aires,2010,Total,Total,18349309981
06,Buenos Aires,2010,Corrientes,Personal,489271395
06,Buenos Aires,2010,Corrientes,Bienes y servicios no personales,3193812522
06,Buenos Aires,2010,Corrientes,Transferencias a la educación privada,3134090384
06,Buenos Aires,2010,Corrientes,Otras transferencias,59722138
06,Buenos Aires,2010,De capital,De capital,384162972
06,Buenos Aires,2011,Total,Total,25422474689
06,Buenos Aires,2011,Corrientes,Personal,609848957
06,Buenos Aires,2011,Corrientes,Bienes y servicios no personales,4172498838
06,Buenos Aires,2011,Corrientes,Transferencias a la educación privada,4088816402
06,Buenos Aires,2011,Corrientes,Otras transferencias,83682435
06,Buenos Aires,2011,De capital,De capital,482683742
02,Ciudad de Buenos Aires,2003,Total,Total,945826390
02,Ciudad de Buenos Aires,2003,Corrientes,Personal,707216445
02,Ciudad de Buenos Aires,2003,Corrientes,Bienes y servicios no personales,32673748
02,Ciudad de Buenos Aires,2003,Corrientes,Transferencias a la educación privada,159364354
02,Ciudad de Buenos Aires,2003,Corrientes,Otras transferencias,33304099
02,Ciudad de Buenos Aires,2003,De capital,De capital,13267745
02,Ciudad de Buenos Aires,2004,Total,Total,1112509151
02,Ciudad de Buenos Aires,2004,Corrientes,Personal,821531561
02,Ciudad de Buenos Aires,2004,Corrientes,Bienes y servicios no personales,53615971
02,Ciudad de Buenos Aires,2004,Corrientes,Transferencias a la educación privada,179789263
02,Ciudad de Buenos Aires,2004,Corrientes,Otras transferencias,30762353
02,Ciudad de Buenos Aires,2004,De capital,De capital,26810003
02,Ciudad de Buenos Aires,2005,Total,Total,1504187787
02,Ciudad de Buenos Aires,2005,Corrientes,Personal,1109427918
02,Ciudad de Buenos Aires,2005,Corrientes,Bienes y servicios no personales,63664742
02,Ciudad de Buenos Aires,2005,Corrientes,Transferencias a la educación privada,243058527
02,Ciudad de Buenos Aires,2005,Corrientes,Otras transferencias,54393140
02,Ciudad de Buenos Aires,2005,De capital,De capital,33643460
02,Ciudad de Buenos Aires,2006,Total,Total,2104244515
02,Ciudad de Buenos Aires,2006,Corrientes,Personal,1551861834
02,Ciudad de Buenos Aires,2006,Corrientes,Bienes y servicios no personales,72278180
02,Ciudad de Buenos Aires,2006,Corrientes,Transferencias a la educación privada,349175292
02,Ciudad de Buenos Aires,2006,Corrientes,Otras transferencias,60246416
02,Ciudad de Buenos Aires,2006,De capital,De capital,70682793
02,Ciudad de Buenos Aires,2007,Total,Total,2607944701
02,Ciudad de Buenos Aires,2007,Corrientes,Personal,1969379579
02,Ciudad de Buenos Aires,2007,Corrientes,Bienes y servicios no personales,71150141
02,Ciudad de Buenos Aires,2007,Corrientes,Transferencias a la educación privada,412433981
02,Ciudad de Buenos Aires,2007,Corrientes,Otras transferencias,51488707
02,Ciudad de Buenos Aires,2007,De capital,De capital,103492294
02,Ciudad de Buenos Aires,2008,Total,Total,3377648868
02,Ciudad de Buenos Aires,2008,Corrientes,Personal,2444980437
02,Ciudad de Buenos Aires,2008,Corrientes,Bienes y servicios no personales,110221030
02,Ciudad de Buenos Aires,2008,Corrientes,Transferencias a la educación privada,604025623
02,Ciudad de Buenos Aires,2008,Corrientes,Otras transferencias,61159255
02,Ciudad de Buenos Aires,2008,De capital,De capital,157262523
02,Ciudad de Buenos Aires,2009,Total,Total,4157985264
02,Ciudad de Buenos Aires,2009,Corrientes,Personal,2942748261
02,Ciudad de Buenos Aires,2009,Corrientes,Bienes y servicios no personales,141939167
02,Ciudad de Buenos Aires,2009,Corrientes,Transferencias a la educación privada,797444755
02,Ciudad de Buenos Aires,2009,Corrientes,Otras transferencias,121241938
02,Ciudad de Buenos Aires,2009,De capital,De capital,154611143
02,Ciudad de Buenos Aires,2010,Total,Total,5153081496
02,Ciudad de Buenos Aires,2010,Corrientes,Personal,3641548888
02,Ciudad de Buenos Aires,2010,Corrientes,Bienes y servicios no personales,179301972
02,Ciudad de Buenos Aires,2010,Corrientes,Transferencias a la educación privada,940871165
02,Ciudad de Buenos Aires,2010,Corrientes,Otras transferencias,153840427
02,Ciudad de Buenos Aires,2010,De capital,De capital,237519043
02,Ciudad de Buenos Aires,2011,Total,Total,6975091937
02,Ciudad de Buenos Aires,2011,Corrientes,Personal,4754723741
02,Ciudad de Buenos Aires,2011,Corrientes,Bienes y servicios no personales,241536875
02,Ciudad de Buenos Aires,2011,Corrientes,Transferencias a la educación privada,1226439526
02,Ciudad de Buenos Aires,2011,Corrientes,Otras transferencias,189341979
02,Ciudad de Buenos Aires,2011,De capital,De capital,563049815
10,Catamarca,2003,Total,Total,151781263
10,Catamarca,2003,Corrientes,Personal,132230277
10,Catamarca,2003,Corrientes,Bienes y servicios no personales,3855231
10,Catamarca,2003,Corrientes,Transferencias a la educación privada,11203524
10,Catamarca,2003,Corrientes,Otras transferencias,2286675
10,Catamarca,2003,De capital,De capital,2205557
10,Catamarca,2004,Total,Total,182543400
10,Catamarca,2004,Corrientes,Personal,162161151
10,Catamarca,2004,Corrientes,Bienes y servicios no personales,3102150
10,Catamarca,2004,Corrientes,Transferencias a la educación privada,13353040
10,Catamarca,2004,Corrientes,Otras transferencias,2222597
10,Catamarca,2004,De capital,De capital,1704462
10,Catamarca,2005,Total,Total,256073894
10,Catamarca,2005,Corrientes,Personal,224583319
10,Catamarca,2005,Corrientes,Bienes y servicios no personales,4445856
10,Catamarca,2005,Corrientes,Transferencias a la educación privada,19640558
10,Catamarca,2005,Corrientes,Otras transferencias,5494252
10,Catamarca,2005,De capital,De capital,1909909
10,Catamarca,2006,Total,Total,376704407
10,Catamarca,2006,Corrientes,Personal,321265418
10,Catamarca,2006,Corrientes,Bienes y servicios no personales,6501684
10,Catamarca,2006,Corrientes,Transferencias a la educación privada,27738970
10,Catamarca,2006,Corrientes,Otras transferencias,5763135
10,Catamarca,2006,De capital,De capital,15435200
10,Catamarca,2007,Total,Total,493442795
10,Catamarca,2007,Corrientes,Personal,414586081
10,Catamarca,2007,Corrientes,Bienes y servicios no personales,8828493
10,Catamarca,2007,Corrientes,Transferencias a la educación privada,40784503
10,Catamarca,2007,Corrientes,Otras transferencias,5184014
10,Catamarca,2007,De capital,De capital,24059704
10,Catamarca,2008,Total,Total,747318235
10,Catamarca,2008,Corrientes,Personal,586772695
10,Catamarca,2008,Corrientes,Bienes y servicios no personales,18740626
10,Catamarca,2008,Corrientes,Transferencias a la educación privada,58221762
10,Catamarca,2008,Corrientes,Otras transferencias,11837263
10,Catamarca,2008,De capital,De capital,71745889
10,Catamarca,2009,Total,Total,821258372
10,Catamarca,2009,Corrientes,Personal,678001196
10,Catamarca,2009,Corrientes,Bienes y servicios no personales,12995084
10,Catamarca,2009,Corrientes,Transferencias a la educación privada,68274048
10,Catamarca,2009,Corrientes,Otras transferencias,12706728
10,Catamarca,2009,De capital,De capital,49281317
10,Catamarca,2010,Total,Total,947117924
10,Catamarca,2010,Corrientes,Personal,790015874
10,Catamarca,2010,Corrientes,Bienes y servicios no personales,24262660
10,Catamarca,2010,Corrientes,Transferencias a la educación privada,85961936
10,Catamarca,2010,Corrientes,Otras transferencias,4870423
10,Catamarca,2010,De capital,De capital,42007031
10,Catamarca,2011,Total,Total,1270527463
10,Catamarca,2011,Corrientes,Personal,1045999656
10,Catamarca,2011,Corrientes,Bienes y servicios no personales,68887257
10,Catamarca,2011,Corrientes,Transferencias a la educación privada,106443992
10,Catamarca,2011,Corrientes,Otras transferencias,20460558
10,Catamarca,2011,De capital,De capital,28736000
22,Chaco,2003,Total,Total,326005848
22,Chaco,2003,Corrientes,Personal,293403549
22,Chaco,2003,Corrientes,Bienes y servicios no personales,0
22,Chaco,2003,Corrientes,Transferencias a la educación privada,15080144
22,Chaco,2003,Corrientes,Otras transferencias,9422266
22,Chaco,2003,De capital,De capital,8099889
22,Chaco,2004,Total,Total,424070812
22,Chaco,2004,Corrientes,Personal,383978699
22,Chaco,2004,Corrientes,Bienes y servicios no personales,0
22,Chaco,2004,Corrientes,Transferencias a la educación privada,19874738
22,Chaco,2004,Corrientes,Otras transferencias,10053343
22,Chaco,2004,De capital,De capital,10164032
22,Chaco,2005,Total,Total,574587406
22,Chaco,2005,Corrientes,Personal,489898752
22,Chaco,2005,Corrientes,Bienes y servicios no personales,0
22,Chaco,2005,Corrientes,Transferencias a la educación privada,25306297
22,Chaco,2005,Corrientes,Otras transferencias,13180569
22,Chaco,2005,De capital,De capital,46201788
22,Chaco,2006,Total,Total,747487778
22,Chaco,2006,Corrientes,Personal,637315272
22,Chaco,2006,Corrientes,Bienes y servicios no personales,0
22,Chaco,2006,Corrientes,Transferencias a la educación privada,32921271
22,Chaco,2006,Corrientes,Otras transferencias,17146763
22,Chaco,2006,De capital,De capital,60104471
22,Chaco,2007,Total,Total,1073947570
22,Chaco,2007,Corrientes,Personal,927685371
22,Chaco,2007,Corrientes,Bienes y servicios no personales,0
22,Chaco,2007,Corrientes,Transferencias a la educación privada,46663801
22,Chaco,2007,Corrientes,Otras transferencias,18038371
22,Chaco,2007,De capital,De capital,81560027
22,Chaco,2008,Total,Total,1524530427
22,Chaco,2008,Corrientes,Personal,1395046052
22,Chaco,2008,Corrientes,Bienes y servicios no personales,0
22,Chaco,2008,Corrientes,Transferencias a la educación privada,76607245
22,Chaco,2008,Corrientes,Otras transferencias,20855775
22,Chaco,2008,De capital,De capital,32021355
22,Chaco,2009,Total,Total,1913296705
22,Chaco,2009,Corrientes,Personal,1661815544
22,Chaco,2009,Corrientes,Bienes y servicios no personales,98677749
22,Chaco,2009,Corrientes,Transferencias a la educación privada,98576492
22,Chaco,2009,Corrientes,Otras transferencias,11937428
22,Chaco,2009,De capital,De capital,42289492
22,Chaco,2010,Total,Total,2353314080
22,Chaco,2010,Corrientes,Personal,1995860837
22,Chaco,2010,Corrientes,Bienes y servicios no personales,101517897
22,Chaco,2010,Corrientes,Transferencias a la educación privada,129598242
22,Chaco,2010,Corrientes,Otras transferencias,71489353
22,Chaco,2010,De capital,De capital,54847752
22,Chaco,2011,Total,Total,3170716392
22,Chaco,2011,Corrientes,Personal,2650767518
22,Chaco,2011,Corrientes,Bienes y servicios no personales,176756463
22,Chaco,2011,Corrientes,Transferencias a la educación privada,161346967
22,Chaco,2011,Corrientes,Otras transferencias,97229598
22,Chaco,2011,De capital,De capital,84615846
26,Chubut,2003,Total,Total,233849426
26,Chubut,2003,Corrientes,Personal,213104449
26,Chubut,2003,Corrientes,Bienes y servicios no personales,9647361
26,Chubut,2003,Corrientes,Transferencias a la educación privada,8921379
26,Chubut,2003,Corrientes,Otras transferencias,2156336
26,Chubut,2003,De capital,De capital,19902
26,Chubut,2004,Total,Total,308734613
26,Chubut,2004,Corrientes,Personal,280643544
26,Chubut,2004,Corrientes,Bienes y servicios no personales,11739622
26,Chubut,2004,Corrientes,Transferencias a la educación privada,11373166
26,Chubut,2004,Corrientes,Otras transferencias,2918600
26,Chubut,2004,De capital,De capital,2059681
26,Chubut,2005,Total,Total,413520234
26,Chubut,2005,Corrientes,Personal,380543969
26,Chubut,2005,Corrientes,Bienes y servicios no personales,11540938
26,Chubut,2005,Corrientes,Transferencias a la educación privada,15344258
26,Chubut,2005,Corrientes,Otras transferencias,4057628
26,Chubut,2005,De capital,De capital,2033441
26,Chubut,2006,Total,Total,549289455
26,Chubut,2006,Corrientes,Personal,458886251
26,Chubut,2006,Corrientes,Bienes y servicios no personales,22024276
26,Chubut,2006,Corrientes,Transferencias a la educación privada,16264787
26,Chubut,2006,Corrientes,Otras transferencias,6640919
26,Chubut,2006,De capital,De capital,45473223
26,Chubut,2007,Total,Total,712238458
26,Chubut,2007,Corrientes,Personal,560391911
26,Chubut,2007,Corrientes,Bienes y servicios no personales,20505080
26,Chubut,2007,Corrientes,Transferencias a la educación privada,16637992
26,Chubut,2007,Corrientes,Otras transferencias,12603057
26,Chubut,2007,De capital,De capital,102100417
26,Chubut,2008,Total,Total,936961058
26,Chubut,2008,Corrientes,Personal,734242630
26,Chubut,2008,Corrientes,Bienes y servicios no personales,42436935
26,Chubut,2008,Corrientes,Transferencias a la educación privada,31507388
26,Chubut,2008,Corrientes,Otras transferencias,10406170
26,Chubut,2008,De capital,De capital,118367934
26,Chubut,2009,Total,Total,1096922638
26,Chubut,2009,Corrientes,Personal,871231738
26,Chubut,2009,Corrientes,Bienes y servicios no personales,44334928
26,Chubut,2009,Corrientes,Transferencias a la educación privada,34930793
26,Chubut,2009,Corrientes,Otras transferencias,12998287
26,Chubut,2009,De capital,De capital,133426893
26,Chubut,2010,Total,Total,1456604055
26,Chubut,2010,Corrientes,Personal,1145340901
26,Chubut,2010,Corrientes,Bienes y servicios no personales,62321772
26,Chubut,2010,Corrientes,Transferencias a la educación privada,44599511
26,Chubut,2010,Corrientes,Otras transferencias,13308402
26,Chubut,2010,De capital,De capital,191033470
26,Chubut,2011,Total,Total,1878054921
26,Chubut,2011,Corrientes,Personal,1483477917
26,Chubut,2011,Corrientes,Bienes y servicios no personales,73608487
26,Chubut,2011,Corrientes,Transferencias a la educación privada,61523763
26,Chubut,2011,Corrientes,Otras transferencias,19702823
26,Chubut,2011,De capital,De capital,239741931
14,Córdoba,2003,Total,Total,863828774
14,Córdoba,2003,Corrientes,Personal,630389252
14,Córdoba,2003,Corrientes,Bienes y servicios no personales,25914683
14,Córdoba,2003,Corrientes,Transferencias a la educación privada,195975133
14,Córdoba,2003,Corrientes,Otras transferencias,6920024
14,Córdoba,2003,De capital,De capital,4629681
14,Córdoba,2004,Total,Total,1002576182
14,Córdoba,2004,Corrientes,Personal,703907994
14,Córdoba,2004,Corrientes,Bienes y servicios no personales,28119892
14,Córdoba,2004,Corrientes,Transferencias a la educación privada,230198714
14,Córdoba,2004,Corrientes,Otras transferencias,35295549
14,Córdoba,2004,De capital,De capital,5054032
14,Córdoba,2005,Total,Total,1357948961
14,Córdoba,2005,Corrientes,Personal,956889452
14,Córdoba,2005,Corrientes,Bienes y servicios no personales,47845067
14,Córdoba,2005,Corrientes,Transferencias a la educación privada,316075092
14,Córdoba,2005,Corrientes,Otras transferencias,22541656
14,Córdoba,2005,De capital,De capital,14597694
14,Córdoba,2006,Total,Total,1723788631
14,Córdoba,2006,Corrientes,Personal,1218577929
14,Córdoba,2006,Corrientes,Bienes y servicios no personales,44391985
14,Córdoba,2006,Corrientes,Transferencias a la educación privada,407797464
14,Córdoba,2006,Corrientes,Otras transferencias,19904672
14,Córdoba,2006,De capital,De capital,33116580
14,Córdoba,2007,Total,Total,2245320024
14,Córdoba,2007,Corrientes,Personal,1583671974
14,Córdoba,2007,Corrientes,Bienes y servicios no personales,53651082
14,Córdoba,2007,Corrientes,Transferencias a la educación privada,523042099
14,Córdoba,2007,Corrientes,Otras transferencias,24282372
14,Córdoba,2007,De capital,De capital,60672497
14,Córdoba,2008,Total,Total,3268523126
14,Córdoba,2008,Corrientes,Personal,2326186790
14,Córdoba,2008,Corrientes,Bienes y servicios no personales,110804165
14,Córdoba,2008,Corrientes,Transferencias a la educación privada,761336351
14,Córdoba,2008,Corrientes,Otras transferencias,35198802
14,Córdoba,2008,De capital,De capital,34997018
14,Córdoba,2009,Total,Total,3964230676
14,Córdoba,2009,Corrientes,Personal,2812868317
14,Córdoba,2009,Corrientes,Bienes y servicios no personales,89363336
14,Córdoba,2009,Corrientes,Transferencias a la educación privada,903208776
14,Córdoba,2009,Corrientes,Otras transferencias,42169500
14,Córdoba,2009,De capital,De capital,116620747
14,Córdoba,2010,Total,Total,4856689552
14,Córdoba,2010,Corrientes,Personal,3443916746
14,Córdoba,2010,Corrientes,Bienes y servicios no personales,139521989
14,Córdoba,2010,Corrientes,Transferencias a la educación privada,1105800711
14,Córdoba,2010,Corrientes,Otras transferencias,13594858
14,Córdoba,2010,De capital,De capital,153855249
14,Córdoba,2011,Total,Total,6575122932
14,Córdoba,2011,Corrientes,Personal,4650211731
14,Córdoba,2011,Corrientes,Bienes y servicios no personales,169161608
14,Córdoba,2011,Corrientes,Transferencias a la educación privada,1488513201
14,Córdoba,2011,Corrientes,Otras transferencias,15005162
14,Córdoba,2011,De capital,De capital,252231230
18,Corrientes,2003,Total,Total,260029597
18,Corrientes,2003,Corrientes,Personal,219804261
18,Corrientes,2003,Corrientes,Bienes y servicios no personales,4365974
18,Corrientes,2003,Corrientes,Transferencias a la educación privada,30768534
18,Corrientes,2003,Corrientes,Otras transferencias,3216000
18,Corrientes,2003,De capital,De capital,1874828
18,Corrientes,2004,Total,Total,319866735
18,Corrientes,2004,Corrientes,Personal,259055491
18,Corrientes,2004,Corrientes,Bienes y servicios no personales,7073688
18,Corrientes,2004,Corrientes,Transferencias a la educación privada,34795477
18,Corrientes,2004,Corrientes,Otras transferencias,3804200
18,Corrientes,2004,De capital,De capital,15137878
18,Corrientes,2005,Total,Total,503456009
18,Corrientes,2005,Corrientes,Personal,347653191
18,Corrientes,2005,Corrientes,Bienes y servicios no personales,21462958
18,Corrientes,2005,Corrientes,Transferencias a la educación privada,46778860
18,Corrientes,2005,Corrientes,Otras transferencias,10397706
18,Corrientes,2005,De capital,De capital,77163294
18,Corrientes,2006,Total,Total,570903359
18,Corrientes,2006,Corrientes,Personal,428546454
18,Corrientes,2006,Corrientes,Bienes y servicios no personales,21151446
18,Corrientes,2006,Corrientes,Transferencias a la educación privada,58352993
18,Corrientes,2006,Corrientes,Otras transferencias,18269446
18,Corrientes,2006,De capital,De capital,44583020
18,Corrientes,2007,Total,Total,756876265
18,Corrientes,2007,Corrientes,Personal,597627478
18,Corrientes,2007,Corrientes,Bienes y servicios no personales,40928525
18,Corrientes,2007,Corrientes,Transferencias a la educación privada,80053373
18,Corrientes,2007,Corrientes,Otras transferencias,16232089
18,Corrientes,2007,De capital,De capital,22034799
18,Corrientes,2008,Total,Total,1069893401
18,Corrientes,2008,Corrientes,Personal,834890632
18,Corrientes,2008,Corrientes,Bienes y servicios no personales,81809037
18,Corrientes,2008,Corrientes,Transferencias a la educación privada,105383879
18,Corrientes,2008,Corrientes,Otras transferencias,28080171
18,Corrientes,2008,De capital,De capital,19729682
18,Corrientes,2009,Total,Total,1216330391
18,Corrientes,2009,Corrientes,Personal,992771673
18,Corrientes,2009,Corrientes,Bienes y servicios no personales,39852118
18,Corrientes,2009,Corrientes,Transferencias a la educación privada,122119267
18,Corrientes,2009,Corrientes,Otras transferencias,33106882
18,Corrientes,2009,De capital,De capital,28480452
18,Corrientes,2010,Total,Total,1493749134
18,Corrientes,2010,Corrientes,Personal,1261989019
18,Corrientes,2010,Corrientes,Bienes y servicios no personales,35498767
18,Corrientes,2010,Corrientes,Transferencias a la educación privada,150720179
18,Corrientes,2010,Corrientes,Otras transferencias,3792671
18,Corrientes,2010,De capital,De capital,41748498
18,Corrientes,2011,Total,Total,2349708879
18,Corrientes,2011,Corrientes,Personal,1888040853
18,Corrientes,2011,Corrientes,Bienes y servicios no personales,67529768
18,Corrientes,2011,Corrientes,Transferencias a la educación privada,224272255
18,Corrientes,2011,Corrientes,Otras transferencias,3505881
18,Corrientes,2011,De capital,De capital,166360123
30,Entre Ríos,2003,Total,Total,331433158
30,Entre Ríos,2003,Corrientes,Personal,271250632
30,Entre Ríos,2003,Corrientes,Bienes y servicios no personales,5585233
30,Entre Ríos,2003,Corrientes,Transferencias a la educación privada,50851358
30,Entre Ríos,2003,Corrientes,Otras transferencias,3688200
30,Entre Ríos,2003,De capital,De capital,57735
30,Entre Ríos,2004,Total,Total,464801651
30,Entre Ríos,2004,Corrientes,Personal,382387099
30,Entre Ríos,2004,Corrientes,Bienes y servicios no personales,10246178
30,Entre Ríos,2004,Corrientes,Transferencias a la educación privada,68615841
30,Entre Ríos,2004,Corrientes,Otras transferencias,3207997
30,Entre Ríos,2004,De capital,De capital,344537
30,Entre Ríos,2005,Total,Total,591209597
30,Entre Ríos,2005,Corrientes,Personal,485127468
30,Entre Ríos,2005,Corrientes,Bienes y servicios no personales,12426759
30,Entre Ríos,2005,Corrientes,Transferencias a la educación privada,86868860
30,Entre Ríos,2005,Corrientes,Otras transferencias,6169226
30,Entre Ríos,2005,De capital,De capital,617284
30,Entre Ríos,2006,Total,Total,768799914
30,Entre Ríos,2006,Corrientes,Personal,613569036
30,Entre Ríos,2006,Corrientes,Bienes y servicios no personales,12072918
30,Entre Ríos,2006,Corrientes,Transferencias a la educación privada,111634994
30,Entre Ríos,2006,Corrientes,Otras transferencias,8704526
30,Entre Ríos,2006,De capital,De capital,22818441
30,Entre Ríos,2007,Total,Total,1044873754
30,Entre Ríos,2007,Corrientes,Personal,834858274
30,Entre Ríos,2007,Corrientes,Bienes y servicios no personales,12974156
30,Entre Ríos,2007,Corrientes,Transferencias a la educación privada,159423967
30,Entre Ríos,2007,Corrientes,Otras transferencias,8205106
30,Entre Ríos,2007,De capital,De capital,29412251
30,Entre Ríos,2008,Total,Total,1473841674
30,Entre Ríos,2008,Corrientes,Personal,1151231099
30,Entre Ríos,2008,Corrientes,Bienes y servicios no personales,22466749
30,Entre Ríos,2008,Corrientes,Transferencias a la educación privada,223544678
30,Entre Ríos,2008,Corrientes,Otras transferencias,16405660
30,Entre Ríos,2008,De capital,De capital,60193488
30,Entre Ríos,2009,Total,Total,1804950098
30,Entre Ríos,2009,Corrientes,Personal,1368630744
30,Entre Ríos,2009,Corrientes,Bienes y servicios no personales,36370467
30,Entre Ríos,2009,Corrientes,Transferencias a la educación privada,267432379
30,Entre Ríos,2009,Corrientes,Otras transferencias,19825765
30,Entre Ríos,2009,De capital,De capital,112690743
30,Entre Ríos,2010,Total,Total,2275683683
30,Entre Ríos,2010,Corrientes,Personal,1669603139
30,Entre Ríos,2010,Corrientes,Bienes y servicios no personales,55945505
30,Entre Ríos,2010,Corrientes,Transferencias a la educación privada,359940698
30,Entre Ríos,2010,Corrientes,Otras transferencias,2856260
30,Entre Ríos,2010,De capital,De capital,187338082
30,Entre Ríos,2011,Total,Total,3171073884
30,Entre Ríos,2011,Corrientes,Personal,2378340481
30,Entre Ríos,2011,Corrientes,Bienes y servicios no personales,72850623
30,Entre Ríos,2011,Corrientes,Transferencias a la educación privada,478898566
30,Entre Ríos,2011,Corrientes,Otras transferencias,7820978
30,Entre Ríos,2011,De capital,De capital,233163236
34,Formosa,2003,Total,Total,169882661
34,Formosa,2003,Corrientes,Personal,157155624
34,Formosa,2003,Corrientes,Bienes y servicios no personales,2027560
34,Formosa,2003,Corrientes,Transferencias a la educación privada,5285847
34,Formosa,2003,Corrientes,Otras transferencias,3596650
34,Formosa,2003,De capital,De capital,1816981
34,Formosa,2004,Total,Total,195559804
34,Formosa,2004,Corrientes,Personal,183555010
34,Formosa,2004,Corrientes,Bienes y servicios no personales,2936925
34,Formosa,2004,Corrientes,Transferencias a la educación privada,5364508
34,Formosa,2004,Corrientes,Otras transferencias,1992200
34,Formosa,2004,De capital,De capital,1711160
34,Formosa,2005,Total,Total,282292525
34,Formosa,2005,Corrientes,Personal,237749546
34,Formosa,2005,Corrientes,Bienes y servicios no personales,6133502
34,Formosa,2005,Corrientes,Transferencias a la educación privada,8730067
34,Formosa,2005,Corrientes,Otras transferencias,5494957
34,Formosa,2005,De capital,De capital,24184453
34,Formosa,2006,Total,Total,409819491
34,Formosa,2006,Corrientes,Personal,321494782
34,Formosa,2006,Corrientes,Bienes y servicios no personales,3896779
34,Formosa,2006,Corrientes,Transferencias a la educación privada,10651994
34,Formosa,2006,Corrientes,Otras transferencias,6976617
34,Formosa,2006,De capital,De capital,66799320
34,Formosa,2007,Total,Total,612976564
34,Formosa,2007,Corrientes,Personal,451653495
34,Formosa,2007,Corrientes,Bienes y servicios no personales,7149972
34,Formosa,2007,Corrientes,Transferencias a la educación privada,14299014
34,Formosa,2007,Corrientes,Otras transferencias,9025807
34,Formosa,2007,De capital,De capital,130848276
34,Formosa,2008,Total,Total,806169993
34,Formosa,2008,Corrientes,Personal,621385220
34,Formosa,2008,Corrientes,Bienes y servicios no personales,8956163
34,Formosa,2008,Corrientes,Transferencias a la educación privada,20074442
34,Formosa,2008,Corrientes,Otras transferencias,14667053
34,Formosa,2008,De capital,De capital,141087116
34,Formosa,2009,Total,Total,1025236598
34,Formosa,2009,Corrientes,Personal,764026291
34,Formosa,2009,Corrientes,Bienes y servicios no personales,15357164
34,Formosa,2009,Corrientes,Transferencias a la educación privada,25950439
34,Formosa,2009,Corrientes,Otras transferencias,21637387
34,Formosa,2009,De capital,De capital,198265317
34,Formosa,2010,Total,Total,1236851384
34,Formosa,2010,Corrientes,Personal,967099281
34,Formosa,2010,Corrientes,Bienes y servicios no personales,21066616
34,Formosa,2010,Corrientes,Transferencias a la educación privada,30005953
34,Formosa,2010,Corrientes,Otras transferencias,32922540
34,Formosa,2010,De capital,De capital,185756994
34,Formosa,2011,Total,Total,1608734139
34,Formosa,2011,Corrientes,Personal,1311850524
34,Formosa,2011,Corrientes,Bienes y servicios no personales,28015752
34,Formosa,2011,Corrientes,Transferencias a la educación privada,47370986
34,Formosa,2011,Corrientes,Otras transferencias,3774176
34,Formosa,2011,De capital,De capital,217722701
38,Jujuy,2003,Total,Total,227128789
38,Jujuy,2003,Corrientes,Personal,200516555
38,Jujuy,2003,Corrientes,Bienes y servicios no personales,2594881
38,Jujuy,2003,Corrientes,Transferencias a la educación privada,13758769
38,Jujuy,2003,Corrientes,Otras transferencias,9859039
38,Jujuy,2003,De capital,De capital,399545
38,Jujuy,2004,Total,Total,289176521
38,Jujuy,2004,Corrientes,Personal,265016544
38,Jujuy,2004,Corrientes,Bienes y servicios no personales,4223097
38,Jujuy,2004,Corrientes,Transferencias a la educación privada,16008345
38,Jujuy,2004,Corrientes,Otras transferencias,2234400
38,Jujuy,2004,De capital,De capital,1694135
38,Jujuy,2005,Total,Total,394877812
38,Jujuy,2005,Corrientes,Personal,352984197
38,Jujuy,2005,Corrientes,Bienes y servicios no personales,4266330
38,Jujuy,2005,Corrientes,Transferencias a la educación privada,22233258
38,Jujuy,2005,Corrientes,Otras transferencias,11473218
38,Jujuy,2005,De capital,De capital,3920809
38,Jujuy,2006,Total,Total,529160734
38,Jujuy,2006,Corrientes,Personal,466302778
38,Jujuy,2006,Corrientes,Bienes y servicios no personales,5234022
38,Jujuy,2006,Corrientes,Transferencias a la educación privada,26137134
38,Jujuy,2006,Corrientes,Otras transferencias,18524360
38,Jujuy,2006,De capital,De capital,12962440
38,Jujuy,2007,Total,Total,748342200
38,Jujuy,2007,Corrientes,Personal,646537000
38,Jujuy,2007,Corrientes,Bienes y servicios no personales,6048000
38,Jujuy,2007,Corrientes,Transferencias a la educación privada,50253000
38,Jujuy,2007,Corrientes,Otras transferencias,25014200
38,Jujuy,2007,De capital,De capital,20490000
38,Jujuy,2008,Total,Total,984518700
38,Jujuy,2008,Corrientes,Personal,832315900
38,Jujuy,2008,Corrientes,Bienes y servicios no personales,7928220
38,Jujuy,2008,Corrientes,Transferencias a la educación privada,46256760
38,Jujuy,2008,Corrientes,Otras transferencias,65738470
38,Jujuy,2008,De capital,De capital,32279350
38,Jujuy,2009,Total,Total,1167404404
38,Jujuy,2009,Corrientes,Personal,1002895980
38,Jujuy,2009,Corrientes,Bienes y servicios no personales,13782182
38,Jujuy,2009,Corrientes,Transferencias a la educación privada,68427510
38,Jujuy,2009,Corrientes,Otras transferencias,44756430
38,Jujuy,2009,De capital,De capital,37542302
38,Jujuy,2010,Total,Total,1415382192
38,Jujuy,2010,Corrientes,Personal,1228803030
38,Jujuy,2010,Corrientes,Bienes y servicios no personales,18310560
38,Jujuy,2010,Corrientes,Transferencias a la educación privada,73018720
38,Jujuy,2010,Corrientes,Otras transferencias,53935890
38,Jujuy,2010,De capital,De capital,41313992
38,Jujuy,2011,Total,Total,1914459497
38,Jujuy,2011,Corrientes,Personal,1681636510
38,Jujuy,2011,Corrientes,Bienes y servicios no personales,17010128
38,Jujuy,2011,Corrientes,Transferencias a la educación privada,153891970
38,Jujuy,2011,Corrientes,Otras transferencias,2481300
38,Jujuy,2011,De capital,De capital,59439589
42,La Pampa,2003,Total,Total,143430843
42,La Pampa,2003,Corrientes,Personal,111568077
42,La Pampa,2003,Corrientes,Bienes y servicios no personales,9433098
42,La Pampa,2003,Corrientes,Transferencias a la educación privada,16885372
42,La Pampa,2003,Corrientes,Otras transferencias,2608690
42,La Pampa,2003,De capital,De capital,2935606
42,La Pampa,2004,Total,Total,174393320
42,La Pampa,2004,Corrientes,Personal,140320163
42,La Pampa,2004,Corrientes,Bienes y servicios no personales,9476522
42,La Pampa,2004,Corrientes,Transferencias a la educación privada,20081265
42,La Pampa,2004,Corrientes,Otras transferencias,2697741
42,La Pampa,2004,De capital,De capital,1817629
42,La Pampa,2005,Total,Total,242468601
42,La Pampa,2005,Corrientes,Personal,193322801
42,La Pampa,2005,Corrientes,Bienes y servicios no personales,14992672
42,La Pampa,2005,Corrientes,Transferencias a la educación privada,27411927
42,La Pampa,2005,Corrientes,Otras transferencias,3239396
42,La Pampa,2005,De capital,De capital,3501806
42,La Pampa,2006,Total,Total,309252235
42,La Pampa,2006,Corrientes,Personal,242423034
42,La Pampa,2006,Corrientes,Bienes y servicios no personales,18861362
42,La Pampa,2006,Corrientes,Transferencias a la educación privada,36467232
42,La Pampa,2006,Corrientes,Otras transferencias,1651331
42,La Pampa,2006,De capital,De capital,9849277
42,La Pampa,2007,Total,Total,421181873
42,La Pampa,2007,Corrientes,Personal,328040715
42,La Pampa,2007,Corrientes,Bienes y servicios no personales,24045598
42,La Pampa,2007,Corrientes,Transferencias a la educación privada,47050356
42,La Pampa,2007,Corrientes,Otras transferencias,2714898
42,La Pampa,2007,De capital,De capital,19330307
42,La Pampa,2008,Total,Total,588913342
42,La Pampa,2008,Corrientes,Personal,469129692
42,La Pampa,2008,Corrientes,Bienes y servicios no personales,26896250
42,La Pampa,2008,Corrientes,Transferencias a la educación privada,61878434
42,La Pampa,2008,Corrientes,Otras transferencias,3341600
42,La Pampa,2008,De capital,De capital,27667365
42,La Pampa,2009,Total,Total,713986606
42,La Pampa,2009,Corrientes,Personal,573892700
42,La Pampa,2009,Corrientes,Bienes y servicios no personales,38214462
42,La Pampa,2009,Corrientes,Transferencias a la educación privada,68803031
42,La Pampa,2009,Corrientes,Otras transferencias,11715632
42,La Pampa,2009,De capital,De capital,21360781
42,La Pampa,2010,Total,Total,918579344
42,La Pampa,2010,Corrientes,Personal,744060303
42,La Pampa,2010,Corrientes,Bienes y servicios no personales,53876469
42,La Pampa,2010,Corrientes,Transferencias a la educación privada,89602294
42,La Pampa,2010,Corrientes,Otras transferencias,8379612
42,La Pampa,2010,De capital,De capital,22660665
42,La Pampa,2011,Total,Total,1280767196
42,La Pampa,2011,Corrientes,Personal,1019025615
42,La Pampa,2011,Corrientes,Bienes y servicios no personales,75284520
42,La Pampa,2011,Corrientes,Transferencias a la educación privada,121056621
42,La Pampa,2011,Corrientes,Otras transferencias,13044933
42,La Pampa,2011,De capital,De capital,52355508
46,La Rioja,2003,Total,Total,148133952
46,La Rioja,2003,Corrientes,Personal,135637179
46,La Rioja,2003,Corrientes,Bienes y servicios no personales,3010233
46,La Rioja,2003,Corrientes,Transferencias a la educación privada,4551262
46,La Rioja,2003,Corrientes,Otras transferencias,2818844
46,La Rioja,2003,De capital,De capital,2116434
46,La Rioja,2004,Total,Total,170569275
46,La Rioja,2004,Corrientes,Personal,153316452
46,La Rioja,2004,Corrientes,Bienes y servicios no personales,6149807
46,La Rioja,2004,Corrientes,Transferencias a la educación privada,4953964
46,La Rioja,2004,Corrientes,Otras transferencias,1774703
46,La Rioja,2004,De capital,De capital,4374349
46,La Rioja,2005,Total,Total,204485227
46,La Rioja,2005,Corrientes,Personal,182761681
46,La Rioja,2005,Corrientes,Bienes y servicios no personales,7249468
46,La Rioja,2005,Corrientes,Transferencias a la educación privada,8768491
46,La Rioja,2005,Corrientes,Otras transferencias,4378186
46,La Rioja,2005,De capital,De capital,1327402
46,La Rioja,2006,Total,Total,267823167
46,La Rioja,2006,Corrientes,Personal,224173253
46,La Rioja,2006,Corrientes,Bienes y servicios no personales,8986519
46,La Rioja,2006,Corrientes,Transferencias a la educación privada,9497801
46,La Rioja,2006,Corrientes,Otras transferencias,2799954
46,La Rioja,2006,De capital,De capital,22365640
46,La Rioja,2007,Total,Total,349624230
46,La Rioja,2007,Corrientes,Personal,311001359
46,La Rioja,2007,Corrientes,Bienes y servicios no personales,8446564
46,La Rioja,2007,Corrientes,Transferencias a la educación privada,14008769
46,La Rioja,2007,Corrientes,Otras transferencias,2254653
46,La Rioja,2007,De capital,De capital,13912886
46,La Rioja,2008,Total,Total,482780883
46,La Rioja,2008,Corrientes,Personal,430410967
46,La Rioja,2008,Corrientes,Bienes y servicios no personales,12355495
46,La Rioja,2008,Corrientes,Transferencias a la educación privada,15140822
46,La Rioja,2008,Corrientes,Otras transferencias,10841742
46,La Rioja,2008,De capital,De capital,14031857
46,La Rioja,2009,Total,Total,668652547
46,La Rioja,2009,Corrientes,Personal,566989383
46,La Rioja,2009,Corrientes,Bienes y servicios no personales,17211192
46,La Rioja,2009,Corrientes,Transferencias a la educación privada,21304675
46,La Rioja,2009,Corrientes,Otras transferencias,16833796
46,La Rioja,2009,De capital,De capital,46313502
46,La Rioja,2010,Total,Total,816262046
46,La Rioja,2010,Corrientes,Personal,699007805
46,La Rioja,2010,Corrientes,Bienes y servicios no personales,20179487
46,La Rioja,2010,Corrientes,Transferencias a la educación privada,34304981
46,La Rioja,2010,Corrientes,Otras transferencias,1743443
46,La Rioja,2010,De capital,De capital,61026331
46,La Rioja,2011,Total,Total,1042551885
46,La Rioja,2011,Corrientes,Personal,936394306
46,La Rioja,2011,Corrientes,Bienes y servicios no personales,34682779
46,La Rioja,2011,Corrientes,Transferencias a la educación privada,37823879
46,La Rioja,2011,Corrientes,Otras transferencias,2056142
46,La Rioja,2011,De capital,De capital,31594780
50,Mendoza,2003,Total,Total,485696934
50,Mendoza,2003,Corrientes,Personal,385901924
50,Mendoza,2003,Corrientes,Bienes y servicios no personales,21250399
50,Mendoza,2003,Corrientes,Transferencias a la educación privada,53211208
50,Mendoza,2003,Corrientes,Otras transferencias,22027110
50,Mendoza,2003,De capital,De capital,3306292
50,Mendoza,2004,Total,Total,671644494
50,Mendoza,2004,Corrientes,Personal,562592992
50,Mendoza,2004,Corrientes,Bienes y servicios no personales,24040095
50,Mendoza,2004,Corrientes,Transferencias a la educación privada,64856979
50,Mendoza,2004,Corrientes,Otras transferencias,16672281
50,Mendoza,2004,De capital,De capital,3482147
50,Mendoza,2005,Total,Total,795027055
50,Mendoza,2005,Corrientes,Personal,649200741
50,Mendoza,2005,Corrientes,Bienes y servicios no personales,25835394
50,Mendoza,2005,Corrientes,Transferencias a la educación privada,99295470
50,Mendoza,2005,Corrientes,Otras transferencias,15816452
50,Mendoza,2005,De capital,De capital,4878998
50,Mendoza,2006,Total,Total,1027920547
50,Mendoza,2006,Corrientes,Personal,816562361
50,Mendoza,2006,Corrientes,Bienes y servicios no personales,25492538
50,Mendoza,2006,Corrientes,Transferencias a la educación privada,131966836
50,Mendoza,2006,Corrientes,Otras transferencias,9926415
50,Mendoza,2006,De capital,De capital,43972399
50,Mendoza,2007,Total,Total,1374037274
50,Mendoza,2007,Corrientes,Personal,1102283469
50,Mendoza,2007,Corrientes,Bienes y servicios no personales,45823218
50,Mendoza,2007,Corrientes,Transferencias a la educación privada,126527036
50,Mendoza,2007,Corrientes,Otras transferencias,41286703
50,Mendoza,2007,De capital,De capital,58116849
50,Mendoza,2008,Total,Total,1820417520
50,Mendoza,2008,Corrientes,Personal,1440118945
50,Mendoza,2008,Corrientes,Bienes y servicios no personales,54216502
50,Mendoza,2008,Corrientes,Transferencias a la educación privada,165235971
50,Mendoza,2008,Corrientes,Otras transferencias,75690967
50,Mendoza,2008,De capital,De capital,85155135
50,Mendoza,2009,Total,Total,2221605860
50,Mendoza,2009,Corrientes,Personal,1791439042
50,Mendoza,2009,Corrientes,Bienes y servicios no personales,81763267
50,Mendoza,2009,Corrientes,Transferencias a la educación privada,198963037
50,Mendoza,2009,Corrientes,Otras transferencias,60170868
50,Mendoza,2009,De capital,De capital,89269646
50,Mendoza,2010,Total,Total,2653948081
50,Mendoza,2010,Corrientes,Personal,2151074873
50,Mendoza,2010,Corrientes,Bienes y servicios no personales,123272205
50,Mendoza,2010,Corrientes,Transferencias a la educación privada,247340331
50,Mendoza,2010,Corrientes,Otras transferencias,38597869
50,Mendoza,2010,De capital,De capital,93662802
50,Mendoza,2011,Total,Total,3949652520
50,Mendoza,2011,Corrientes,Personal,3147525950
50,Mendoza,2011,Corrientes,Bienes y servicios no personales,149043374
50,Mendoza,2011,Corrientes,Transferencias a la educación privada,374071456
50,Mendoza,2011,Corrientes,Otras transferencias,72310070
50,Mendoza,2011,De capital,De capital,206701670
54,Misiones,2003,Total,Total,244276151
54,Misiones,2003,Corrientes,Personal,189829034
54,Misiones,2003,Corrientes,Bienes y servicios no personales,5657076
54,Misiones,2003,Corrientes,Transferencias a la educación privada,39620386
54,Misiones,2003,Corrientes,Otras transferencias,6602285
54,Misiones,2003,De capital,De capital,2567370
54,Misiones,2004,Total,Total,288779135
54,Misiones,2004,Corrientes,Personal,225653068
54,Misiones,2004,Corrientes,Bienes y servicios no personales,3675636
54,Misiones,2004,Corrientes,Transferencias a la educación privada,46952906
54,Misiones,2004,Corrientes,Otras transferencias,9262558
54,Misiones,2004,De capital,De capital,3234967
54,Misiones,2005,Total,Total,393057895
54,Misiones,2005,Corrientes,Personal,304904908
54,Misiones,2005,Corrientes,Bienes y servicios no personales,4652823
54,Misiones,2005,Corrientes,Transferencias a la educación privada,63308293
54,Misiones,2005,Corrientes,Otras transferencias,15637082
54,Misiones,2005,De capital,De capital,4554789
54,Misiones,2006,Total,Total,531205944
54,Misiones,2006,Corrientes,Personal,404118157
54,Misiones,2006,Corrientes,Bienes y servicios no personales,11351196
54,Misiones,2006,Corrientes,Transferencias a la educación privada,83723848
54,Misiones,2006,Corrientes,Otras transferencias,21318612
54,Misiones,2006,De capital,De capital,10694131
54,Misiones,2007,Total,Total,803828895
54,Misiones,2007,Corrientes,Personal,563981840
54,Misiones,2007,Corrientes,Bienes y servicios no personales,13720851
54,Misiones,2007,Corrientes,Transferencias a la educación privada,114640657
54,Misiones,2007,Corrientes,Otras transferencias,25053409
54,Misiones,2007,De capital,De capital,86432138
54,Misiones,2008,Total,Total,1038425762
54,Misiones,2008,Corrientes,Personal,763204905
54,Misiones,2008,Corrientes,Bienes y servicios no personales,14776517
54,Misiones,2008,Corrientes,Transferencias a la educación privada,151592974
54,Misiones,2008,Corrientes,Otras transferencias,36772092
54,Misiones,2008,De capital,De capital,72079273
54,Misiones,2009,Total,Total,1278910493
54,Misiones,2009,Corrientes,Personal,923598120
54,Misiones,2009,Corrientes,Bienes y servicios no personales,23660998
54,Misiones,2009,Corrientes,Transferencias a la educación privada,187938902
54,Misiones,2009,Corrientes,Otras transferencias,43842987
54,Misiones,2009,De capital,De capital,99869486
54,Misiones,2010,Total,Total,1723574591
54,Misiones,2010,Corrientes,Personal,1242095744
54,Misiones,2010,Corrientes,Bienes y servicios no personales,35117335
54,Misiones,2010,Corrientes,Transferencias a la educación privada,240085991
54,Misiones,2010,Corrientes,Otras transferencias,54588182
54,Misiones,2010,De capital,De capital,151687339
54,Misiones,2011,Total,Total,2427154009
54,Misiones,2011,Corrientes,Personal,1755570062
54,Misiones,2011,Corrientes,Bienes y servicios no personales,47188538
54,Misiones,2011,Corrientes,Transferencias a la educación privada,343600944
54,Misiones,2011,Corrientes,Otras transferencias,66821320
54,Misiones,2011,De capital,De capital,213973145
58,Neuquén,2003,Total,Total,393816841
58,Neuquén,2003,Corrientes,Personal,324440715
58,Neuquén,2003,Corrientes,Bienes y servicios no personales,37454885
58,Neuquén,2003,Corrientes,Transferencias a la educación privada,20595743
58,Neuquén,2003,Corrientes,Otras transferencias,7919512
58,Neuquén,2003,De capital,De capital,3405987
58,Neuquén,2004,Total,Total,436360946
58,Neuquén,2004,Corrientes,Personal,357014595
58,Neuquén,2004,Corrientes,Bienes y servicios no personales,42491924
58,Neuquén,2004,Corrientes,Transferencias a la educación privada,23058178
58,Neuquén,2004,Corrientes,Otras transferencias,9988541
58,Neuquén,2004,De capital,De capital,3807709
58,Neuquén,2005,Total,Total,608894272
58,Neuquén,2005,Corrientes,Personal,436423044
58,Neuquén,2005,Corrientes,Bienes y servicios no personales,91300294
58,Neuquén,2005,Corrientes,Transferencias a la educación privada,28649077
58,Neuquén,2005,Corrientes,Otras transferencias,12326456
58,Neuquén,2005,De capital,De capital,40195401
58,Neuquén,2006,Total,Total,756724308
58,Neuquén,2006,Corrientes,Personal,563450531
58,Neuquén,2006,Corrientes,Bienes y servicios no personales,88079524
58,Neuquén,2006,Corrientes,Transferencias a la educación privada,36271476
58,Neuquén,2006,Corrientes,Otras transferencias,11631922
58,Neuquén,2006,De capital,De capital,57290854
58,Neuquén,2007,Total,Total,995140340
58,Neuquén,2007,Corrientes,Personal,775938263
58,Neuquén,2007,Corrientes,Bienes y servicios no personales,112793007
58,Neuquén,2007,Corrientes,Transferencias a la educación privada,48491753
58,Neuquén,2007,Corrientes,Otras transferencias,11865693
58,Neuquén,2007,De capital,De capital,46051624
58,Neuquén,2008,Total,Total,1435322524
58,Neuquén,2008,Corrientes,Personal,1210196158
58,Neuquén,2008,Corrientes,Bienes y servicios no personales,102576046
58,Neuquén,2008,Corrientes,Transferencias a la educación privada,72544841
58,Neuquén,2008,Corrientes,Otras transferencias,17554006
58,Neuquén,2008,De capital,De capital,32451472
58,Neuquén,2009,Total,Total,1660913755
58,Neuquén,2009,Corrientes,Personal,1458915800
58,Neuquén,2009,Corrientes,Bienes y servicios no personales,92765403
58,Neuquén,2009,Corrientes,Transferencias a la educación privada,84996088
58,Neuquén,2009,Corrientes,Otras transferencias,10572622
58,Neuquén,2009,De capital,De capital,13663842
58,Neuquén,2010,Total,Total,1887925016
58,Neuquén,2010,Corrientes,Personal,1639803682
58,Neuquén,2010,Corrientes,Bienes y servicios no personales,133372366
58,Neuquén,2010,Corrientes,Transferencias a la educación privada,92200276
58,Neuquén,2010,Corrientes,Otras transferencias,8887397
58,Neuquén,2010,De capital,De capital,13661296
58,Neuquén,2011,Total,Total,2467394957
58,Neuquén,2011,Corrientes,Personal,2143198714
58,Neuquén,2011,Corrientes,Bienes y servicios no personales,167954330
58,Neuquén,2011,Corrientes,Transferencias a la educación privada,122737472
58,Neuquén,2011,Corrientes,Otras transferencias,8055320
58,Neuquén,2011,De capital,De capital,25449121
62,Río Negro,2003,Total,Total,222720361
62,Río Negro,2003,Corrientes,Personal,169895937
62,Río Negro,2003,Corrientes,Bienes y servicios no personales,21807668
62,Río Negro,2003,Corrientes,Transferencias a la educación privada,15097203
62,Río Negro,2003,Corrientes,Otras transferencias,2986733
62,Río Negro,2003,De capital,De capital,12932820
62,Río Negro,2004,Total,Total,271500019
62,Río Negro,2004,Corrientes,Personal,222854461
62,Río Negro,2004,Corrientes,Bienes y servicios no personales,18540557
62,Río Negro,2004,Corrientes,Transferencias a la educación privada,18744853
62,Río Negro,2004,Corrientes,Otras transferencias,5725085
62,Río Negro,2004,De capital,De capital,5635063
62,Río Negro,2005,Total,Total,398364307
62,Río Negro,2005,Corrientes,Personal,334207943
62,Río Negro,2005,Corrientes,Bienes y servicios no personales,26827524
62,Río Negro,2005,Corrientes,Transferencias a la educación privada,27520130
62,Río Negro,2005,Corrientes,Otras transferencias,6730621
62,Río Negro,2005,De capital,De capital,3078088
62,Río Negro,2006,Total,Total,570986253
62,Río Negro,2006,Corrientes,Personal,444000762
62,Río Negro,2006,Corrientes,Bienes y servicios no personales,45560537
62,Río Negro,2006,Corrientes,Transferencias a la educación privada,36508595
62,Río Negro,2006,Corrientes,Otras transferencias,9251497
62,Río Negro,2006,De capital,De capital,35664861
62,Río Negro,2007,Total,Total,697243249
62,Río Negro,2007,Corrientes,Personal,570416484
62,Río Negro,2007,Corrientes,Bienes y servicios no personales,39530503
62,Río Negro,2007,Corrientes,Transferencias a la educación privada,50891018
62,Río Negro,2007,Corrientes,Otras transferencias,8258286
62,Río Negro,2007,De capital,De capital,28146958
62,Río Negro,2008,Total,Total,930935949
62,Río Negro,2008,Corrientes,Personal,737615781
62,Río Negro,2008,Corrientes,Bienes y servicios no personales,61523481
62,Río Negro,2008,Corrientes,Transferencias a la educación privada,66084042
62,Río Negro,2008,Corrientes,Otras transferencias,12326398
62,Río Negro,2008,De capital,De capital,53386247
62,Río Negro,2009,Total,Total,1108418675
62,Río Negro,2009,Corrientes,Personal,878407444
62,Río Negro,2009,Corrientes,Bienes y servicios no personales,83255799
62,Río Negro,2009,Corrientes,Transferencias a la educación privada,70228087
62,Río Negro,2009,Corrientes,Otras transferencias,27669820
62,Río Negro,2009,De capital,De capital,48857526
62,Río Negro,2010,Total,Total,1382241718
62,Río Negro,2010,Corrientes,Personal,1065608325
62,Río Negro,2010,Corrientes,Bienes y servicios no personales,133215707
62,Río Negro,2010,Corrientes,Transferencias a la educación privada,85241968
62,Río Negro,2010,Corrientes,Otras transferencias,58720226
62,Río Negro,2010,De capital,De capital,39455493
62,Río Negro,2011,Total,Total,1966639620
62,Río Negro,2011,Corrientes,Personal,1592229536
62,Río Negro,2011,Corrientes,Bienes y servicios no personales,127901697
62,Río Negro,2011,Corrientes,Transferencias a la educación privada,113984754
62,Río Negro,2011,Corrientes,Otras transferencias,68011227
62,Río Negro,2011,De capital,De capital,64512405
66,Salta,2003,Total,Total,228592743
66,Salta,2003,Corrientes,Personal,195814303
66,Salta,2003,Corrientes,Bienes y servicios no personales,8109291
66,Salta,2003,Corrientes,Transferencias a la educación privada,16140345
66,Salta,2003,Corrientes,Otras transferencias,5105055
66,Salta,2003,De capital,De capital,3423751
66,Salta,2004,Total,Total,281240342
66,Salta,2004,Corrientes,Personal,243153417
66,Salta,2004,Corrientes,Bienes y servicios no personales,8039728
66,Salta,2004,Corrientes,Transferencias a la educación privada,16430584
66,Salta,2004,Corrientes,Otras transferencias,8835095
66,Salta,2004,De capital,De capital,4781519
66,Salta,2005,Total,Total,411259194
66,Salta,2005,Corrientes,Personal,349173757
66,Salta,2005,Corrientes,Bienes y servicios no personales,10737832
66,Salta,2005,Corrientes,Transferencias a la educación privada,27626832
66,Salta,2005,Corrientes,Otras transferencias,11428908
66,Salta,2005,De capital,De capital,12291865
66,Salta,2006,Total,Total,524903388
66,Salta,2006,Corrientes,Personal,423868122
66,Salta,2006,Corrientes,Bienes y servicios no personales,13347632
66,Salta,2006,Corrientes,Transferencias a la educación privada,32421907
66,Salta,2006,Corrientes,Otras transferencias,20489183
66,Salta,2006,De capital,De capital,34776544
66,Salta,2007,Total,Total,709319793
66,Salta,2007,Corrientes,Personal,560542986
66,Salta,2007,Corrientes,Bienes y servicios no personales,22829092
66,Salta,2007,Corrientes,Transferencias a la educación privada,49133141
66,Salta,2007,Corrientes,Otras transferencias,19214535
66,Salta,2007,De capital,De capital,57600040
66,Salta,2008,Total,Total,955811908
66,Salta,2008,Corrientes,Personal,784133726
66,Salta,2008,Corrientes,Bienes y servicios no personales,27042628
66,Salta,2008,Corrientes,Transferencias a la educación privada,83210184
66,Salta,2008,Corrientes,Otras transferencias,23189478
66,Salta,2008,De capital,De capital,38235893
66,Salta,2009,Total,Total,1199095829
66,Salta,2009,Corrientes,Personal,958237262
66,Salta,2009,Corrientes,Bienes y servicios no personales,41843460
66,Salta,2009,Corrientes,Transferencias a la educación privada,94695014
66,Salta,2009,Corrientes,Otras transferencias,38910762
66,Salta,2009,De capital,De capital,65409331
66,Salta,2010,Total,Total,1413364325
66,Salta,2010,Corrientes,Personal,1163592437
66,Salta,2010,Corrientes,Bienes y servicios no personales,54462412
66,Salta,2010,Corrientes,Transferencias a la educación privada,130730890
66,Salta,2010,Corrientes,Otras transferencias,10209717
66,Salta,2010,De capital,De capital,54368868
66,Salta,2011,Total,Total,1975895084
66,Salta,2011,Corrientes,Personal,1623567963
66,Salta,2011,Corrientes,Bienes y servicios no personales,81375420
66,Salta,2011,Corrientes,Transferencias a la educación privada,182209557
66,Salta,2011,Corrientes,Otras transferencias,9803196
66,Salta,2011,De capital,De capital,78938948
70,San Juan,2003,Total,Total,197257093
70,San Juan,2003,Corrientes,Personal,166801635
70,San Juan,2003,Corrientes,Bienes y servicios no personales,1634607
70,San Juan,2003,Corrientes,Transferencias a la educación privada,23345652
70,San Juan,2003,Corrientes,Otras transferencias,4288795
70,San Juan,2003,De capital,De capital,1186404
70,San Juan,2004,Total,Total,217084088
70,San Juan,2004,Corrientes,Personal,185010494
70,San Juan,2004,Corrientes,Bienes y servicios no personales,1908704
70,San Juan,2004,Corrientes,Transferencias a la educación privada,27128756
70,San Juan,2004,Corrientes,Otras transferencias,2282300
70,San Juan,2004,De capital,De capital,753836
70,San Juan,2005,Total,Total,307412629
70,San Juan,2005,Corrientes,Personal,257210114
70,San Juan,2005,Corrientes,Bienes y servicios no personales,4266324
70,San Juan,2005,Corrientes,Transferencias a la educación privada,40403150
70,San Juan,2005,Corrientes,Otras transferencias,4356295
70,San Juan,2005,De capital,De capital,1176746
70,San Juan,2006,Total,Total,418153628
70,San Juan,2006,Corrientes,Personal,347746997
70,San Juan,2006,Corrientes,Bienes y servicios no personales,7007612
70,San Juan,2006,Corrientes,Transferencias a la educación privada,53994870
70,San Juan,2006,Corrientes,Otras transferencias,4476227
70,San Juan,2006,De capital,De capital,4927922
70,San Juan,2007,Total,Total,579025577
70,San Juan,2007,Corrientes,Personal,456100379
70,San Juan,2007,Corrientes,Bienes y servicios no personales,18340552
70,San Juan,2007,Corrientes,Transferencias a la educación privada,74734655
70,San Juan,2007,Corrientes,Otras transferencias,8264341
70,San Juan,2007,De capital,De capital,21585651
70,San Juan,2008,Total,Total,776065336
70,San Juan,2008,Corrientes,Personal,584517632
70,San Juan,2008,Corrientes,Bienes y servicios no personales,30026263
70,San Juan,2008,Corrientes,Transferencias a la educación privada,97249883
70,San Juan,2008,Corrientes,Otras transferencias,11395820
70,San Juan,2008,De capital,De capital,52875738
70,San Juan,2009,Total,Total,955833534
70,San Juan,2009,Corrientes,Personal,689479779
70,San Juan,2009,Corrientes,Bienes y servicios no personales,55245326
70,San Juan,2009,Corrientes,Transferencias a la educación privada,121910442
70,San Juan,2009,Corrientes,Otras transferencias,12606251
70,San Juan,2009,De capital,De capital,76591735
70,San Juan,2010,Total,Total,1150925210
70,San Juan,2010,Corrientes,Personal,828849489
70,San Juan,2010,Corrientes,Bienes y servicios no personales,70332773
70,San Juan,2010,Corrientes,Transferencias a la educación privada,150681890
70,San Juan,2010,Corrientes,Otras transferencias,5711646
70,San Juan,2010,De capital,De capital,95349412
70,San Juan,2011,Total,Total,1536157077
70,San Juan,2011,Corrientes,Personal,1063004945
70,San Juan,2011,Corrientes,Bienes y servicios no personales,111869440
70,San Juan,2011,Corrientes,Transferencias a la educación privada,206389609
70,San Juan,2011,Corrientes,Otras transferencias,12724429
70,San Juan,2011,De capital,De capital,142168655
74,San Luis,2003,Total,Total,144492256
74,San Luis,2003,Corrientes,Personal,113873826
74,San Luis,2003,Corrientes,Bienes y servicios no personales,1681523
74,San Luis,2003,Corrientes,Transferencias a la educación privada,16543098
74,San Luis,2003,Corrientes,Otras transferencias,4201696
74,San Luis,2003,De capital,De capital,8192112
74,San Luis,2004,Total,Total,158687001
74,San Luis,2004,Corrientes,Personal,129668429
74,San Luis,2004,Corrientes,Bienes y servicios no personales,2860027
74,San Luis,2004,Corrientes,Transferencias a la educación privada,20119296
74,San Luis,2004,Corrientes,Otras transferencias,3126483
74,San Luis,2004,De capital,De capital,2912766
74,San Luis,2005,Total,Total,219023014
74,San Luis,2005,Corrientes,Personal,157529093
74,San Luis,2005,Corrientes,Bienes y servicios no personales,3722837
74,San Luis,2005,Corrientes,Transferencias a la educación privada,16879507
74,San Luis,2005,Corrientes,Otras transferencias,8452633
74,San Luis,2005,De capital,De capital,32438944
74,San Luis,2006,Total,Total,259803475
74,San Luis,2006,Corrientes,Personal,187598382
74,San Luis,2006,Corrientes,Bienes y servicios no personales,2492105
74,San Luis,2006,Corrientes,Transferencias a la educación privada,20979563
74,San Luis,2006,Corrientes,Otras transferencias,19893023
74,San Luis,2006,De capital,De capital,28840402
74,San Luis,2007,Total,Total,341038035
74,San Luis,2007,Corrientes,Personal,246461400
74,San Luis,2007,Corrientes,Bienes y servicios no personales,4530814
74,San Luis,2007,Corrientes,Transferencias a la educación privada,39886330
74,San Luis,2007,Corrientes,Otras transferencias,8635551
74,San Luis,2007,De capital,De capital,41523940
74,San Luis,2008,Total,Total,404613834
74,San Luis,2008,Corrientes,Personal,307406046
74,San Luis,2008,Corrientes,Bienes y servicios no personales,5355988
74,San Luis,2008,Corrientes,Transferencias a la educación privada,51934143
74,San Luis,2008,Corrientes,Otras transferencias,11417008
74,San Luis,2008,De capital,De capital,28500648
74,San Luis,2009,Total,Total,460358948
74,San Luis,2009,Corrientes,Personal,345590325
74,San Luis,2009,Corrientes,Bienes y servicios no personales,7487661
74,San Luis,2009,Corrientes,Transferencias a la educación privada,60816351
74,San Luis,2009,Corrientes,Otras transferencias,13181731
74,San Luis,2009,De capital,De capital,33282881
74,San Luis,2010,Total,Total,565183248
74,San Luis,2010,Corrientes,Personal,424739462
74,San Luis,2010,Corrientes,Bienes y servicios no personales,10027342
74,San Luis,2010,Corrientes,Transferencias a la educación privada,77180718
74,San Luis,2010,Corrientes,Otras transferencias,7604910
74,San Luis,2010,De capital,De capital,45630816
74,San Luis,2011,Total,Total,789481121
74,San Luis,2011,Corrientes,Personal,600357739
74,San Luis,2011,Corrientes,Bienes y servicios no personales,18576874
74,San Luis,2011,Corrientes,Transferencias a la educación privada,107766935
74,San Luis,2011,Corrientes,Otras transferencias,14346011
74,San Luis,2011,De capital,De capital,48433563
78,Santa Cruz,2003,Total,Total,167393300
78,Santa Cruz,2003,Corrientes,Personal,137229701
78,Santa Cruz,2003,Corrientes,Bienes y servicios no personales,9995806
78,Santa Cruz,2003,Corrientes,Transferencias a la educación privada,17993590
78,Santa Cruz,2003,Corrientes,Otras transferencias,602250
78,Santa Cruz,2003,De capital,De capital,1571953
78,Santa Cruz,2004,Total,Total,197401593
78,Santa Cruz,2004,Corrientes,Personal,157942764
78,Santa Cruz,2004,Corrientes,Bienes y servicios no personales,13250449
78,Santa Cruz,2004,Corrientes,Transferencias a la educación privada,21742677
78,Santa Cruz,2004,Corrientes,Otras transferencias,1271545
78,Santa Cruz,2004,De capital,De capital,3194159
78,Santa Cruz,2005,Total,Total,236278765
78,Santa Cruz,2005,Corrientes,Personal,186696285
78,Santa Cruz,2005,Corrientes,Bienes y servicios no personales,19058826
78,Santa Cruz,2005,Corrientes,Transferencias a la educación privada,25689956
78,Santa Cruz,2005,Corrientes,Otras transferencias,2041671
78,Santa Cruz,2005,De capital,De capital,2792027
78,Santa Cruz,2006,Total,Total,301052615
78,Santa Cruz,2006,Corrientes,Personal,234108514
78,Santa Cruz,2006,Corrientes,Bienes y servicios no personales,20026113
78,Santa Cruz,2006,Corrientes,Transferencias a la educación privada,34349406
78,Santa Cruz,2006,Corrientes,Otras transferencias,1356592
78,Santa Cruz,2006,De capital,De capital,11211990
78,Santa Cruz,2007,Total,Total,567930542
78,Santa Cruz,2007,Corrientes,Personal,418803524
78,Santa Cruz,2007,Corrientes,Bienes y servicios no personales,33123975
78,Santa Cruz,2007,Corrientes,Transferencias a la educación privada,54628813
78,Santa Cruz,2007,Corrientes,Otras transferencias,1256325
78,Santa Cruz,2007,De capital,De capital,60117906
78,Santa Cruz,2008,Total,Total,892154054
78,Santa Cruz,2008,Corrientes,Personal,712324282
78,Santa Cruz,2008,Corrientes,Bienes y servicios no personales,46939550
78,Santa Cruz,2008,Corrientes,Transferencias a la educación privada,92596683
78,Santa Cruz,2008,Corrientes,Otras transferencias,6187514
78,Santa Cruz,2008,De capital,De capital,34106026
78,Santa Cruz,2009,Total,Total,1025451089
78,Santa Cruz,2009,Corrientes,Personal,784062059
78,Santa Cruz,2009,Corrientes,Bienes y servicios no personales,61339217
78,Santa Cruz,2009,Corrientes,Transferencias a la educación privada,107875136
78,Santa Cruz,2009,Corrientes,Otras transferencias,10416022
78,Santa Cruz,2009,De capital,De capital,61758655
78,Santa Cruz,2010,Total,Total,1231261028
78,Santa Cruz,2010,Corrientes,Personal,973229964
78,Santa Cruz,2010,Corrientes,Bienes y servicios no personales,94195234
78,Santa Cruz,2010,Corrientes,Transferencias a la educación privada,127920339
78,Santa Cruz,2010,Corrientes,Otras transferencias,11655658
78,Santa Cruz,2010,De capital,De capital,24259833
78,Santa Cruz,2011,Total,Total,1607781152
78,Santa Cruz,2011,Corrientes,Personal,1303519738
78,Santa Cruz,2011,Corrientes,Bienes y servicios no personales,110500697
78,Santa Cruz,2011,Corrientes,Transferencias a la educación privada,127920339
78,Santa Cruz,2011,Corrientes,Otras transferencias,19005546
78,Santa Cruz,2011,De capital,De capital,46834832
82,Santa Fe,2003,Total,Total,879883762
82,Santa Fe,2003,Corrientes,Personal,664023103
82,Santa Fe,2003,Corrientes,Bienes y servicios no personales,24966132
82,Santa Fe,2003,Corrientes,Transferencias a la educación privada,169766161
82,Santa Fe,2003,Corrientes,Otras transferencias,14936043
82,Santa Fe,2003,De capital,De capital,6192323
82,Santa Fe,2004,Total,Total,1083843488
82,Santa Fe,2004,Corrientes,Personal,819401608
82,Santa Fe,2004,Corrientes,Bienes y servicios no personales,23816372
82,Santa Fe,2004,Corrientes,Transferencias a la educación privada,218238061
82,Santa Fe,2004,Corrientes,Otras transferencias,15822417
82,Santa Fe,2004,De capital,De capital,6565030
82,Santa Fe,2005,Total,Total,1428714942
82,Santa Fe,2005,Corrientes,Personal,1086262325
82,Santa Fe,2005,Corrientes,Bienes y servicios no personales,29024079
82,Santa Fe,2005,Corrientes,Transferencias a la educación privada,287040205
82,Santa Fe,2005,Corrientes,Otras transferencias,21572087
82,Santa Fe,2005,De capital,De capital,4816246
82,Santa Fe,2006,Total,Total,1965599565
82,Santa Fe,2006,Corrientes,Personal,1499842011
82,Santa Fe,2006,Corrientes,Bienes y servicios no personales,43755122
82,Santa Fe,2006,Corrientes,Transferencias a la educación privada,394138710
82,Santa Fe,2006,Corrientes,Otras transferencias,19553953
82,Santa Fe,2006,De capital,De capital,8309769
82,Santa Fe,2007,Total,Total,2672281557
82,Santa Fe,2007,Corrientes,Personal,2056514408
82,Santa Fe,2007,Corrientes,Bienes y servicios no personales,52851059
82,Santa Fe,2007,Corrientes,Transferencias a la educación privada,534520248
82,Santa Fe,2007,Corrientes,Otras transferencias,17938942
82,Santa Fe,2007,De capital,De capital,10456900
82,Santa Fe,2008,Total,Total,3708823226
82,Santa Fe,2008,Corrientes,Personal,2810901194
82,Santa Fe,2008,Corrientes,Bienes y servicios no personales,102217337
82,Santa Fe,2008,Corrientes,Transferencias a la educación privada,737812580
82,Santa Fe,2008,Corrientes,Otras transferencias,29472627
82,Santa Fe,2008,De capital,De capital,28419488
82,Santa Fe,2009,Total,Total,4666104168
82,Santa Fe,2009,Corrientes,Personal,3520577959
82,Santa Fe,2009,Corrientes,Bienes y servicios no personales,119868870
82,Santa Fe,2009,Corrientes,Transferencias a la educación privada,923229966
82,Santa Fe,2009,Corrientes,Otras transferencias,33701175
82,Santa Fe,2009,De capital,De capital,68726197
82,Santa Fe,2010,Total,Total,5668775246
82,Santa Fe,2010,Corrientes,Personal,4268496588
82,Santa Fe,2010,Corrientes,Bienes y servicios no personales,141742980
82,Santa Fe,2010,Corrientes,Transferencias a la educación privada,1122243322
82,Santa Fe,2010,Corrientes,Otras transferencias,4954424
82,Santa Fe,2010,De capital,De capital,131337932
82,Santa Fe,2011,Total,Total,8088268287
82,Santa Fe,2011,Corrientes,Personal,6205721837
82,Santa Fe,2011,Corrientes,Bienes y servicios no personales,183327755
82,Santa Fe,2011,Corrientes,Transferencias a la educación privada,1616558879
82,Santa Fe,2011,Corrientes,Otras transferencias,5318912
82,Santa Fe,2011,De capital,De capital,77340904
86,Santiago del Estero,2003,Total,Total,231885031
86,Santiago del Estero,2003,Corrientes,Personal,198392387
86,Santiago del Estero,2003,Corrientes,Bienes y servicios no personales,2998884
86,Santiago del Estero,2003,Corrientes,Transferencias a la educación privada,24141717
86,Santiago del Estero,2003,Corrientes,Otras transferencias,3865308
86,Santiago del Estero,2003,De capital,De capital,2486735
86,Santiago del Estero,2004,Total,Total,295430284
86,Santiago del Estero,2004,Corrientes,Personal,254517282
86,Santiago del Estero,2004,Corrientes,Bienes y servicios no personales,4626201
86,Santiago del Estero,2004,Corrientes,Transferencias a la educación privada,30096705
86,Santiago del Estero,2004,Corrientes,Otras transferencias,4360380
86,Santiago del Estero,2004,De capital,De capital,1829715
86,Santiago del Estero,2005,Total,Total,390354238
86,Santiago del Estero,2005,Corrientes,Personal,328103438
86,Santiago del Estero,2005,Corrientes,Bienes y servicios no personales,9544790
86,Santiago del Estero,2005,Corrientes,Transferencias a la educación privada,34021396
86,Santiago del Estero,2005,Corrientes,Otras transferencias,6349908
86,Santiago del Estero,2005,De capital,De capital,12334707
86,Santiago del Estero,2006,Total,Total,524612424
86,Santiago del Estero,2006,Corrientes,Personal,440996244
86,Santiago del Estero,2006,Corrientes,Bienes y servicios no personales,11460945
86,Santiago del Estero,2006,Corrientes,Transferencias a la educación privada,44819107
86,Santiago del Estero,2006,Corrientes,Otras transferencias,7557672
86,Santiago del Estero,2006,De capital,De capital,19778456
86,Santiago del Estero,2007,Total,Total,655877633
86,Santiago del Estero,2007,Corrientes,Personal,536486577
86,Santiago del Estero,2007,Corrientes,Bienes y servicios no personales,14153476
86,Santiago del Estero,2007,Corrientes,Transferencias a la educación privada,63055388
86,Santiago del Estero,2007,Corrientes,Otras transferencias,14766935
86,Santiago del Estero,2007,De capital,De capital,27415257
86,Santiago del Estero,2008,Total,Total,870038071
86,Santiago del Estero,2008,Corrientes,Personal,667340839
86,Santiago del Estero,2008,Corrientes,Bienes y servicios no personales,17370387
86,Santiago del Estero,2008,Corrientes,Transferencias a la educación privada,83871360
86,Santiago del Estero,2008,Corrientes,Otras transferencias,26730878
86,Santiago del Estero,2008,De capital,De capital,74724607
86,Santiago del Estero,2009,Total,Total,1079295335
86,Santiago del Estero,2009,Corrientes,Personal,791994464
86,Santiago del Estero,2009,Corrientes,Bienes y servicios no personales,27041473
86,Santiago del Estero,2009,Corrientes,Transferencias a la educación privada,114542577
86,Santiago del Estero,2009,Corrientes,Otras transferencias,40118517
86,Santiago del Estero,2009,De capital,De capital,105598304
86,Santiago del Estero,2010,Total,Total,1379688474
86,Santiago del Estero,2010,Corrientes,Personal,1010954810
86,Santiago del Estero,2010,Corrientes,Bienes y servicios no personales,29555566
86,Santiago del Estero,2010,Corrientes,Transferencias a la educación privada,157959898
86,Santiago del Estero,2010,Corrientes,Otras transferencias,19869269
86,Santiago del Estero,2010,De capital,De capital,161348930
86,Santiago del Estero,2011,Total,Total,1859221956
86,Santiago del Estero,2011,Corrientes,Personal,1352635267
86,Santiago del Estero,2011,Corrientes,Bienes y servicios no personales,35769345
86,Santiago del Estero,2011,Corrientes,Transferencias a la educación privada,207903004
86,Santiago del Estero,2011,Corrientes,Otras transferencias,15658636
86,Santiago del Estero,2011,De capital,De capital,247255704
94,Tierra del Fuego,2003,Total,Total,92399038
94,Tierra del Fuego,2003,Corrientes,Personal,68829256
94,Tierra del Fuego,2003,Corrientes,Bienes y servicios no personales,10256237
94,Tierra del Fuego,2003,Corrientes,Transferencias a la educación privada,9475435
94,Tierra del Fuego,2003,Corrientes,Otras transferencias,2097244
94,Tierra del Fuego,2003,De capital,De capital,1740867
94,Tierra del Fuego,2004,Total,Total,140731938
94,Tierra del Fuego,2004,Corrientes,Personal,114728797
94,Tierra del Fuego,2004,Corrientes,Bienes y servicios no personales,7514180
94,Tierra del Fuego,2004,Corrientes,Transferencias a la educación privada,12155989
94,Tierra del Fuego,2004,Corrientes,Otras transferencias,5385831
94,Tierra del Fuego,2004,De capital,De capital,947141
94,Tierra del Fuego,2005,Total,Total,202738842
94,Tierra del Fuego,2005,Corrientes,Personal,176432203
94,Tierra del Fuego,2005,Corrientes,Bienes y servicios no personales,9683769
94,Tierra del Fuego,2005,Corrientes,Transferencias a la educación privada,13903022
94,Tierra del Fuego,2005,Corrientes,Otras transferencias,1886779
94,Tierra del Fuego,2005,De capital,De capital,833069
94,Tierra del Fuego,2006,Total,Total,275031787
94,Tierra del Fuego,2006,Corrientes,Personal,238477313
94,Tierra del Fuego,2006,Corrientes,Bienes y servicios no personales,8107528
94,Tierra del Fuego,2006,Corrientes,Transferencias a la educación privada,26244705
94,Tierra del Fuego,2006,Corrientes,Otras transferencias,366995
94,Tierra del Fuego,2006,De capital,De capital,1835246
94,Tierra del Fuego,2007,Total,Total,413283864
94,Tierra del Fuego,2007,Corrientes,Personal,311405925
94,Tierra del Fuego,2007,Corrientes,Bienes y servicios no personales,17954382
94,Tierra del Fuego,2007,Corrientes,Transferencias a la educación privada,36035150
94,Tierra del Fuego,2007,Corrientes,Otras transferencias,734336
94,Tierra del Fuego,2007,De capital,De capital,47154071
94,Tierra del Fuego,2008,Total,Total,510625874
94,Tierra del Fuego,2008,Corrientes,Personal,461579658
94,Tierra del Fuego,2008,Corrientes,Bienes y servicios no personales,9278801
94,Tierra del Fuego,2008,Corrientes,Transferencias a la educación privada,35759577
94,Tierra del Fuego,2008,Corrientes,Otras transferencias,450640
94,Tierra del Fuego,2008,De capital,De capital,3557198
94,Tierra del Fuego,2009,Total,Total,574857835
94,Tierra del Fuego,2009,Corrientes,Personal,498234387
94,Tierra del Fuego,2009,Corrientes,Bienes y servicios no personales,15716881
94,Tierra del Fuego,2009,Corrientes,Transferencias a la educación privada,53901481
94,Tierra del Fuego,2009,Corrientes,Otras transferencias,737400
94,Tierra del Fuego,2009,De capital,De capital,6267686
94,Tierra del Fuego,2010,Total,Total,693858764
94,Tierra del Fuego,2010,Corrientes,Personal,597876261
94,Tierra del Fuego,2010,Corrientes,Bienes y servicios no personales,31997828
94,Tierra del Fuego,2010,Corrientes,Transferencias a la educación privada,48314434
94,Tierra del Fuego,2010,Corrientes,Otras transferencias,16050
94,Tierra del Fuego,2010,De capital,De capital,15654191
94,Tierra del Fuego,2011,Total,Total,967238704
94,Tierra del Fuego,2011,Corrientes,Personal,860770921
94,Tierra del Fuego,2011,Corrientes,Bienes y servicios no personales,20282905
94,Tierra del Fuego,2011,Corrientes,Transferencias a la educación privada,65288650
94,Tierra del Fuego,2011,Corrientes,Otras transferencias,176300
94,Tierra del Fuego,2011,De capital,De capital,20719928
90,Tucumán,2003,Total,Total,313175244
90,Tucumán,2003,Corrientes,Personal,262665134
90,Tucumán,2003,Corrientes,Bienes y servicios no personales,3037114
90,Tucumán,2003,Corrientes,Transferencias a la educación privada,39076108
90,Tucumán,2003,Corrientes,Otras transferencias,6442850
90,Tucumán,2003,De capital,De capital,1954038
90,Tucumán,2004,Total,Total,382579658
90,Tucumán,2004,Corrientes,Personal,320517414
90,Tucumán,2004,Corrientes,Bienes y servicios no personales,5795551
90,Tucumán,2004,Corrientes,Transferencias a la educación privada,47172263
90,Tucumán,2004,Corrientes,Otras transferencias,5637917
90,Tucumán,2004,De capital,De capital,3456513
90,Tucumán,2005,Total,Total,539816134
90,Tucumán,2005,Corrientes,Personal,434111235
90,Tucumán,2005,Corrientes,Bienes y servicios no personales,8150202
90,Tucumán,2005,Corrientes,Transferencias a la educación privada,61149289
90,Tucumán,2005,Corrientes,Otras transferencias,8480228
90,Tucumán,2005,De capital,De capital,27925181
90,Tucumán,2006,Total,Total,713913784
90,Tucumán,2006,Corrientes,Personal,575602659
90,Tucumán,2006,Corrientes,Bienes y servicios no personales,14994586
90,Tucumán,2006,Corrientes,Transferencias a la educación privada,72852973
90,Tucumán,2006,Corrientes,Otras transferencias,11661282
90,Tucumán,2006,De capital,De capital,38802284
90,Tucumán,2007,Total,Total,995276470
90,Tucumán,2007,Corrientes,Personal,784282884
90,Tucumán,2007,Corrientes,Bienes y servicios no personales,19762418
90,Tucumán,2007,Corrientes,Transferencias a la educación privada,101970925
90,Tucumán,2007,Corrientes,Otras transferencias,48338207
90,Tucumán,2007,De capital,De capital,40922037
90,Tucumán,2008,Total,Total,1391045523
90,Tucumán,2008,Corrientes,Personal,1109579869
90,Tucumán,2008,Corrientes,Bienes y servicios no personales,21907069
90,Tucumán,2008,Corrientes,Transferencias a la educación privada,137362484
90,Tucumán,2008,Corrientes,Otras transferencias,72963396
90,Tucumán,2008,De capital,De capital,49232705
90,Tucumán,2009,Total,Total,1738603897
90,Tucumán,2009,Corrientes,Personal,1385759754
90,Tucumán,2009,Corrientes,Bienes y servicios no personales,32092420
90,Tucumán,2009,Corrientes,Transferencias a la educación privada,167710797
90,Tucumán,2009,Corrientes,Otras transferencias,95914222
90,Tucumán,2009,De capital,De capital,57126704
90,Tucumán,2010,Total,Total,2182137125
90,Tucumán,2010,Corrientes,Personal,1749380330
90,Tucumán,2010,Corrientes,Bienes y servicios no personales,41038285
90,Tucumán,2010,Corrientes,Transferencias a la educación privada,228186895
90,Tucumán,2010,Corrientes,Otras transferencias,100731142
90,Tucumán,2010,De capital,De capital,62800472
90,Tucumán,2011,Total,Total,2993766803
90,Tucumán,2011,Corrientes,Personal,2447395862
90,Tucumán,2011,Corrientes,Bienes y servicios no personales,53892832
90,Tucumán,2011,Corrientes,Transferencias a la educación privada,292805924
90,Tucumán,2011,Corrientes,Otras transferencias,79026426
90,Tucumán,2011,De capital,De capital,120645759
00,Total país,2003,Total,Total,11129362513
00,Total país,2003,Corrientes,Personal,8866815804
00,Total país,2003,Corrientes,Bienes y servicios no personales,379362721
00,Total país,2003,Corrientes,Transferencias a la educación privada,1509941583
00,Total país,2003,Corrientes,Otras transferencias,241877970
00,Total país,2003,De capital,De capital,131364436
00,Total país,2004,Total,Total,13808168671
00,Total país,2004,Corrientes,Personal,11021543793
00,Total país,2004,Corrientes,Bienes y servicios no personales,443576407
00,Total país,2004,Corrientes,Transferencias a la educación privada,1844695302
00,Total país,2004,Corrientes,Otras transferencias,284653981
00,Total país,2004,De capital,De capital,213699187
00,Total país,2005,Total,Total,19056924909
00,Total país,2005,Corrientes,Personal,14980056764
00,Total país,2005,Corrientes,Bienes y servicios no personales,618576661
00,Total país,2005,Corrientes,Transferencias a la educación privada,2510695756
00,Total país,2005,Corrientes,Otras transferencias,389894281
00,Total país,2005,De capital,De capital,557701446
00,Total país,2006,Total,Total,24860183244
00,Total país,2006,Corrientes,Personal,19624499683
00,Total país,2006,Corrientes,Bienes y servicios no personales,729694267
00,Total país,2006,Corrientes,Transferencias a la educación privada,3277935765
00,Total país,2006,Corrientes,Otras transferencias,397277517
00,Total país,2006,De capital,De capital,830776012
00,Total país,2007,Total,Total,32882434572
00,Total país,2007,Corrientes,Personal,25978592088
00,Total país,2007,Corrientes,Bienes y servicios no personales,946666535
00,Total país,2007,Corrientes,Transferencias a la educación privada,4222886101
00,Total país,2007,Corrientes,Otras transferencias,459498404
00,Total país,2007,De capital,De capital,1274791445
00,Total país,2008,Total,Total,45716442735
00,Total país,2008,Corrientes,Personal,36355085375
00,Total país,2008,Corrientes,Bienes y servicios no personales,1282486246
00,Total país,2008,Corrientes,Transferencias a la educación privada,5923675825
00,Total país,2008,Corrientes,Otras transferencias,704769686
00,Total país,2008,De capital,De capital,1450425604
00,Total país,2009,Total,Total,55903816756
00,Total país,2009,Corrientes,Personal,44313765937
00,Total país,2009,Corrientes,Bienes y servicios no personales,1499201524
00,Total país,2009,Corrientes,Transferencias a la educación privada,7318337521
00,Total país,2009,Corrientes,Otras transferencias,887779446
00,Total país,2009,De capital,De capital,1884732327
00,Total país,2010,Total,Total,67272754587
00,Total país,2010,Corrientes,Personal,53052257769
00,Total país,2010,Corrientes,Bienes y servicios no personales,2099405121
00,Total país,2010,Corrientes,Transferencias a la educación privada,8886601728
00,Total país,2010,Corrientes,Otras transferencias,742002507
00,Total país,2010,De capital,De capital,2492487462
00,Total país,2011,Total,Total,92604354403
00,Total país,2011,Corrientes,Personal,73318442074
00,Total país,2011,Corrientes,Bienes y servicios no personales,2742856424
00,Total país,2011,Corrientes,Transferencias a la educación privada,12007010734
00,Total país,2011,Corrientes,Otras transferencias,829363358
00,Total país,2011,De capital,De capital,3706681813
